glottocode,language,iso,level,area,latitude,longitude,countries,affiliation,subclassification,family,endangerment,my_annotation
abkh1244,Abkhaz,abk,language,Eurasia,43.056218,41.159115,GE;RU;TR,"Abkhaz-Adyge, Abkhaz-Abaza","(Abzhui:1,Bzyb:1,Samurzakan:1)abkh1244:1;",Abkhaz-Adyge,threatened,remove
abaz1241,Abaza,abq,language,Eurasia,44.25,42,RU;TR,"Abkhaz-Adyge, Abkhaz-Abaza","(Ashkaraua:1,Bezshagh:1,Tapanta:1)abaz1241:1;",Abkhaz-Adyge,threatened,
adyg1241,West Circassian,ady,language,Eurasia,44,39.33,IL;JO;RU;SY;TR,"Abkhaz-Adyge, Circassian","(Abadzex:1,Bezhedukh:1,Natuzaj:1,Shapsug:1,Temirgoi:1,Xakuchi:1)adyg1241:1;",Abkhaz-Adyge,threatened,
kaba1278,Kabardian,kbd,language,Eurasia,43.5082,43.3918,RU;TR,"Abkhaz-Adyge, Circassian",(Greater_Kabardian:1)kaba1278;,Abkhaz-Adyge,threatened,
boht1238,Gardabani Bohtan Neo-Aramaic,bhn,language,Eurasia,41.459,45.084,GE;RU,"Afro-Asiatic, Semitic, West Semitic, Central Semitic, Northwest Semitic, Aramaic, Imperial-Middle-Modern Aramaic, Middle-Modern Aramaic, Eastern Aramaic, Central Eastern Aramaic, Bohtan",(Gardabani_Bohtan_Neo-Aramaic:1);,Afro-Asiatic,moribund,
assy1241,Assyrian Neo-Aramaic,aii,language,Eurasia,36.75,43,IQ;IR;SY;TR,"Afro-Asiatic, Semitic, West Semitic, Central Semitic, Northwest Semitic, Aramaic, Imperial-Middle-Modern Aramaic, Middle-Modern Aramaic, Eastern Aramaic, Central Eastern Aramaic, North-Eastern Neo-Aramaic","((Anhar:1,Mar_Bishu:1,Nochiya:1,Tergawar:1)cent2218:1,Iranian_Koine:1,(Baz:1,Dez:1,Gavar_-Aramaic:1,Jilu:1,Qudshanis:1,Salamas:1,Upper_Barwari:1,Van_-Aramaic:1)nort3096:1,(Aradhin:1,Benatha:1,Daudiya:1,Inishke:1,Tina:1)sapn1238:1,(Sipurghan:1,Solduz:1,Urmi:1)urmi1249:1,(Christian_Tiyare_Neo-Aramaic:1,Lewin:1,Lower_Barwari:1,Tal_-Aramaic:1,Tkhuma:1)west2765:1)assy1241:1;",Afro-Asiatic,shifting,add
sout3274,South Itelmen,,language,Eurasia,53.054427,157.430702,RU,"Chukotko-Kamchatkan, Kamchatkan",(South_Itelmen:1);,Chukotko-Kamchatkan,extinct,remove
east2812,Northeast Itelmen,,language,Eurasia,57.596103,162.486163,RU,"Chukotko-Kamchatkan, Kamchatkan","(East_Itelmen:1,Uka:1)east2812:1;",Chukotko-Kamchatkan,extinct,remove
kere1280,Kerek,krk,language,Eurasia,62.1777,175.07,RU,"Chukotko-Kamchatkan, Chukotian, Koryakic, J-Koryakic","(Khatyrka:1,Mainypilgino:1,Majngapilgino:1,Xatyrka_-southern_Kerek:1)kere1280:1;",Chukotko-Kamchatkan,extinct,remove
itel1242,West Itelmen,itl,language,Eurasia,56.046173,156.30704,RU,"Chukotko-Kamchatkan, Kamchatkan","(Sedanka:1,Xajrjuzovskij:1)itel1242:1;",Chukotko-Kamchatkan,moribund,
alut1245,Alutor,alr,language,Eurasia,60.3844,165.653,RU,"Chukotko-Kamchatkan, Chukotian, Koryakic","(Alutorskij:1,Karaginskij:1,Palanskij:1)alut1245:1;",Chukotko-Kamchatkan,moribund,
chuk1273,Chukchi,ckt,language,Eurasia,68.6436,170.045,RU,"Chukotko-Kamchatkan, Chukotian","(Chaun:1,Enmylinskij:1,Enurmin:1,Nunligranskij:1,Pevekskij:1,Uellanskij:1,Xatyrskij:1,Yanrakinot:1)chuk1273:1;",Chukotko-Kamchatkan,shifting,
kory1246,Koryak,kpy,language,Eurasia,63.8977,166.695,RU,"Chukotko-Kamchatkan, Chukotian, Koryakic, J-Koryakic","(Apuka:1,Cavcuvenskij:1,Itkan:1,Kamen:1,Paren_-Koryak:1)kory1246:1;",Chukotko-Kamchatkan,shifting,
sire1246,Old Sirenik,ysr,language,Eurasia,64.5192,186.075,RU,"Eskimo-Aleut, Eskimo",(Old_Sirenik:1);,Eskimo-Aleut,extinct,remove
medn1235,Mednyj Aleut,mud,language,Eurasia,54.6601,167.782,RU,"Eskimo-Aleut, Aleutic",(Mednyj_Aleut:1);,Eskimo-Aleut,extinct,remove
aleu1260,Aleut,ale,language,North America,52.1228,185.71,RU;US,"Eskimo-Aleut, Aleutic","(Eastern_Aleut:1,Western_Aleut:1)aleu1260:1;",Eskimo-Aleut,shifting,
nauk1242,Naukan Yupik,ynk,language,Eurasia,65.5184,188.245,RU,"Eskimo-Aleut, Eskimo, Yupik",(Naukan_Yupik:1);,Eskimo-Aleut,shifting,
cent2128,Central Siberian Yupik,ess,language,Eurasia,63.4308,189.728,RU;US,"Eskimo-Aleut, Eskimo, Yupik",(Central_Siberian_Yupik:1);,Eskimo-Aleut,shifting,
oldr1238,Old Russian,orv,language,Eurasia,54.813,31.827,RU,"Indo-European, Classical Indo-European, Balto-Slavic, Slavic, East Slavic",(Old_Russian:1);,Indo-European,extinct,remove
chur1257,Church Slavic,chu,language,Eurasia,43.7171,22.8442,RU,"Indo-European, Classical Indo-European, Balto-Slavic, Slavic, South Slavic, Eastern South Slavic",(Church_Slavic:1);,Indo-European,extinct,remove
lith1251,Lithuanian,lit,language,Eurasia,55.1429,23.9601,BY;LT;LV;PL;RU,"Indo-European, Classical Indo-European, Balto-Slavic, Eastern Baltic","((Dzukish:1,East_Aukštaitian:1,Suvalkietiskai:1)auks1239:1,Old_Lithuanian:1,(North_Samogitian:1,South_Samogitian:1,West_Samogitian:1)samo1265:1)lith1251:1;",Indo-European,not endangered,remove
norw1258,Norwegian,nor,language,Eurasia,59.92,10.71,FI;NO;RU;SE;SJ,"Indo-European, Classical Indo-European, Germanic, Northwest Germanic, North Germanic, West Scandinavian","(Nordnorsk:1,Norwegian_Bokmål:1,Norwegian_Nynorsk:1,Trøndersk:1,Vestnorsk:1,Østnorsk:1)norw1258:1;",Indo-European,not endangered,remove
poli1260,Polish,pol,language,Eurasia,51.8439,18.6255,BY;CZ;DE;LT;PL;RU;SK;UA,"Indo-European, Classical Indo-European, Balto-Slavic, Slavic, West Slavic, Lechitic, Polish-Silesian","(Great_Poland:1,Little_Poland:1,Old_Polish:1)poli1260:1;",Indo-European,not endangered,remove
east2295,Eastern Yiddish,ydd,language,Eurasia,51.75,19.42,AR;AU;BE;BY;CA;CR;EE;HU;IL;LT;LV;MD;PA;PL;PR;RO;RU;SE;UA;US;UY;ZA,"Indo-European, Classical Indo-European, Germanic, Northwest Germanic, West Germanic, High German, Middle German, East Middle German, Schlesisch-Wilmesau","(Czech_Yiddish:1,((Lodz_Yiddish:1,Poylish:1,Western_Galician_Yiddish:1)mide1238:1,(Litvish:1,Northern_Ukraine_Yiddish:1)nort2632:1,(Bessarabian_Yiddish:1,Ukrainish:1)sout2630:1)nucl1822:1)east2295:1;",Indo-European,not endangered,remove
balk1252,Balkan Romani,rmn,language,Eurasia,42.67,21.17,AL;AT;BA;BG;BY;CH;CZ;DE;FI;FR;GB;GR;HR;HU;IR;IT;LT;LV;MD;ME;MK;NL;PL;RO;RS;RU;SI;SK;TR;UA,"Indo-European, Classical Indo-European, Indo-Iranian, Indo-Aryan, Middle-Modern Indo-Aryan, Continental Indo-Aryan, Midlands Indo-Aryan, Shaurasenic, Indo-Aryan Central zone, Romani","(Abruzzese-Calabrian-Molisean_Romani:1,(Arlija:1,Slovenian-Croatian_Romani:1)arli1239:1,Crimean_Rom:1,(Bugurdži:1,Drindari:1,Kalajdži:1)tinn1238:1,Erli_of_Sofia:1,Prilep-Prizren-Serres:1,Pyrgos-Peloponnese_Romani:1,Romacilikanes:1,Romano:1,Rumelian_Romani:1,Sepečides:1,Serres-Saint_Athanasios:1,Ursári:1,Zargari:1)balk1252:1;",Indo-European,not endangered,remove
carp1235,Central Romani,rmc,language,Eurasia,48.1968,20.3129,AL;AT;BA;BG;BY;CH;CZ;DE;FI;FR;GB;GR;HR;HU;IT;LT;LV;ME;MK;NL;PL;RO;RS;RU;SI;SK;TR;UA,"Indo-European, Classical Indo-European, Indo-Iranian, Indo-Aryan, Middle-Modern Indo-Aryan, Continental Indo-Aryan, Midlands Indo-Aryan, Shaurasenic, Indo-Aryan Central zone, Romani","(Gurvari:1,(Bohemian_Romani:1,East_Slovakian_Romani:1,Galician_Romani:1,Moravian_Romani:1,North_Transylvanian_Romani:1,West_Slovakian_Romani:1)nort3324:1,(Romungro:1,(Burgenland_Romani:1,Prekmurje_Romani:1,Western_Hungarian_Vend:1)vend1247:1)sout3308:1)carp1235:1;",Indo-European,not endangered,remove
vlax1238,Vlax Romani,rmy,language,Eurasia,46.09,18.16,AL;AT;BA;BG;BY;CH;CZ;DE;ES;FI;FR;GR;HR;HU;IT;LT;LV;MD;ME;MK;NL;NO;PL;PT;RO;RS;RU;SE;SI;SK;TR;UA,"Indo-European, Classical Indo-European, Indo-Iranian, Indo-Aryan, Middle-Modern Indo-Aryan, Continental Indo-Aryan, Midlands Indo-Aryan, Shaurasenic, Indo-Aryan Central zone, Romani","((Cerhari:1,Churari:1,Ghagar_of_Egypt:1,Kalderash:1,Lovari:1,Machvano:1)cent1980:1,Southeastern_Ukraine_Vlax:1,((North_Albanian_Vlax:1,Serbo-Bosnian_Vlax:1,South_Albanian_Vlax:1,Xoraxane:1)dzam1241:1,Kalpazea-Filipidzía-Xandurja:1,(Sedentary_Bulgaria:1,Sedentary_Romania:1)iron1243:1)sout2658:1)vlax1238:1;",Indo-European,not endangered,remove
taly1247,North-Central Talysh,tly,language,Eurasia,38.4552,48.6349,AZ;IR;RU,"Indo-European, Classical Indo-European, Indo-Iranian, Iranian, Central Iranian PBS, Central Iranian PB, Northwestern Iranian, Adharic, Tatic, Central Tatic","((Asalemi:1,Hashtpari:1)cent1970:1,(Astara:1,Lenkoran:1,Lerik:1)nort2639:1)taly1247:1;",Indo-European,not endangered,remove
sint1235,Sinte-Manus Romani,rmo,language,Eurasia,48.7,9.4,AL;AT;BA;BG;BY;CH;CZ;DE;FI;FR;GB;GR;HR;HU;IT;KZ;LT;LV;ME;MK;NL;PL;RO;RS;RU;SI;SK;TR;UA,"Indo-European, Classical Indo-European, Indo-Iranian, Indo-Aryan, Middle-Modern Indo-Aryan, Continental Indo-Aryan, Midlands Indo-Aryan, Shaurasenic, Indo-Aryan Central zone, Romani, Anglo-Northwestern Romani, Northwestern Romani","((Praistiki:1,(Eftawagaria:1,Witembergaria:1)west2928:1)gads1256:1,Lallere:1,Manouche:1,Sastike:1,(Abbruzzesi:1,Estracharia:1,(Kranaria:1,Krantiki:1)lomb1263:1,Piedmont_Sintí:1)sout3309:1)sint1235:1;",Indo-European,not endangered,remove
latv1249,Latvian,lav,language,Eurasia,56.826108,24.309118,BY;EE;LT;LV;RU,"Indo-European, Classical Indo-European, Balto-Slavic, Eastern Baltic","(Curonian:1,East_Latvian:1,(Standard_Latvian:1,Tamian:1)lowl1274:1,Zemgalian:1)latv1249:1;",Indo-European,threatened,remove
bela1254,Belarusian,bel,language,Eurasia,53.2307,25.6038,BY;LT;LV;PL;RU;UA,"Indo-European, Classical Indo-European, Balto-Slavic, Slavic, East Slavic","(Central_Belarusan:1,Northeast_Belarusan:1,Southwest_Belarusan:1)bela1254:1;",Indo-European,threatened,remove
ukra1253,Ukrainian,ukr,language,Eurasia,49.796,29.945,BY;HU;MD;PL;RO;RU;SK;UA,"Indo-European, Classical Indo-European, Balto-Slavic, Slavic, East Slavic, Ukrainian-Rusyn","(East_Ukrainian:1,(Central_Polesian:1,Eastern_Polesian:1,Western_Polesian:1)nort2599:1,Southwest_Ukrainian:1)ukra1253:1;",Indo-European,threatened,remove
musl1236,Muslim Tat,ttt,language,Eurasia,41.425062,46.645589,AZ;IR;RU,"Indo-European, Classical Indo-European, Indo-Iranian, Iranian, Southwestern Iranian, Middle-Modern Persian, Modern Southwestern Iranian, Farsic-Caucasian Tat, Caucasian Tat","((Balakhani:1,Surakhani:1)absh1238:1,Mədrəsə:1,(Derbent_Muslim_Tat:1,Kilvar_Muslim_Tat:1,Qonaqkənd:1,Quba_Muslim_Tat:1,Zərnava:1,Ərüsküş-Dağ_Quşçu:1)nort2643:1,Xızı:1,(Babadağ:1,Lahıc:1,Peripheral_Şirvan_Muslim_Tat:1,Trans-Niyaldağ:1)sirv1235:1)musl1236:1;",Indo-European,moribund,
russ1263,Russian,rus,language,Eurasia,59,50,BY;CN;EE;FI;GE;KG;KP;KZ;LT;LV;MD;MN;NO;PL;RO;RU;SJ;TM;UA;UZ,"Indo-European, Classical Indo-European, Balto-Slavic, Slavic, East Slavic","(Central_Russian:1,Kodiak_Creole_Russian:1,Ninilchik:1,(Novgorod_North_Russian:1,Olonets:1,Pomor:1,Vladimir-Volga:1,Vologda-Kirov:1)nort2597:1,(Doukhobor:1,Lipovan:1,Molokan:1,Nuclear_South_Russian:1)sout2602:1)russ1263:1;",Indo-European,not endangered,
digo1242,Digor Ossetian,,language,Eurasia,43.158056,44.156944,RU,"Indo-European, Classical Indo-European, Indo-Iranian, Iranian, Central Iranian PBS, Sogdic-Ossetic, Ossetic, Modern Ossetic","(Chikola-Lesken:1,Digora:1,Jassic:1,Ursdon-Sindziqaw:1,Wallagkom:1)digo1242:1;",Indo-European,threatened,
iron1242,Iron Ossetian,oss,language,Eurasia,42.98,44.61,RU,"Indo-European, Classical Indo-European, Indo-Iranian, Iranian, Central Iranian PBS, Sogdic-Ossetic, Ossetic, Modern Ossetic","(Allagir:1,Kudar:1,Kurtat:1,Tagaur:1,Tual:1)iron1242:1;",Indo-European,threatened,
jude1256,Judeo-Tat,jdt,language,Eurasia,42.068306,48.264749,AZ;IL;RU,"Indo-European, Classical Indo-European, Indo-Iranian, Iranian, Southwestern Iranian, Middle-Modern Persian, Modern Southwestern Iranian, Farsic-Caucasian Tat, Caucasian Tat","((Derbent_Judeo-Tat:1,Quba_Judeo-Tat:1)cent2409:1,(Kaytag_Judeo-Tat:1,Northern_Cities_Judeo-Tat:1)nort3410:1,(Vartaşen_Judeo-Tat:1,Şirvan_Judeo-Tat:1)sout3389:1)jude1256:1;",Indo-European,threatened,
balt1257,Baltic Romani,rml,language,Eurasia,60,38,AL;AT;BA;BG;BY;CH;CZ;DE;EE;FI;FR;GB;GR;HR;HU;IT;LT;LV;ME;MK;NL;PL;RO;RS;RU;SI;SK;TR;UA,"Indo-European, Classical Indo-European, Indo-Iranian, Indo-Aryan, Middle-Modern Indo-Aryan, Continental Indo-Aryan, Midlands Indo-Aryan, Shaurasenic, Indo-Aryan Central zone, Romani","(Chuxny:1,Eastern_Latvia-Lithuanian_Romani:1,North_Russian_Romani:1,Polish_Romani:1,White_Russian_Romani:1)balt1257:1;",Indo-European,threatened,
nucl1302,Georgian,kat,language,Eurasia,41.850397,43.78613,AM;AZ;GE;IR;RU;TR,"Kartvelian, Georgian-Zan, Georgic","(((Lower_Kartlian:1,Upper_Kartlian:1)imer1247:1,Meskhur-Javakhuri:1)cent2387:1,(Fereydan:1,Ingilo:1,Kaxetian:1,Tianetian:1)east2870:1,(Moxev:1,Mtiuletian-Gudamaqrian:1,Pshav:1,Tush:1,Xevsur:1)nort3382:1,(((Lower_Imeretian:1,Upper_Imeretian:1)imer1248:1,Judeo-Georgian:1)imer1250:1,Racha-Lechxum:1)nort3381:1,(Adzhar:1,Gurian:1,Imerxev:1)sout3358:1)nucl1302:1;",Kartvelian,not endangered,remove
svan1243,Svan,sva,language,Eurasia,42.9134,42.5915,GE;RU,Kartvelian,"(Lashx:1,Lentex:1,Lower_Bal:1,Upper_Bal:1)svan1243:1;",Kartvelian,threatened,remove
kore1280,Korean,kor,language,Eurasia,37.54,126.98,CN;KP;KR;RU,Koreanic,"((Jollado:1,Kyongsangdo:1)chol1288:1,(Ch'ungch'ongdo:1,Hwanghaedo:1)chun1248:1,(Hamgyongdo:1,P'yong'ando:1)hamg1239:1,(Early_Middle_Korean:1,Late_Middle_Korean:1)midd1372:1,Seoul:1)kore1280:1;",Koreanic,not endangered,remove
halh1238,Halh Mongolian,khk,language,Eurasia,48.32397,106.28874,MN;RU,"Mongolic-Khitan, Mongolic, Eastern Mongolic, Khalkha-Buriat, Mongolian","(Dariganga:1,Halh:1,Khotogoit:1,Sartul:1,Tsongol:1)halh1238:1;",Mongolic,not endangered,remove
chin1476,China Buriat,bxu,language,Eurasia,48.7593,117.786,CN;MN;RU,"Mongolic-Khitan, Mongolic, Eastern Mongolic, Khalkha-Buriat, Buriat",(Bargu:1)chin1476;,Mongolic,threatened,remove
kham1281,Khamnigan Mongol,ykh,language,Eurasia,49,117,CN;MN;RU,"Mongolic-Khitan, Mongolic, Eastern Mongolic","(Mankovo_Khamnigan_Mongol:1,Urulga_Khamnigan_Mongol:1)kham1281:1;",Mongolic,moribund,remove
russ1264,Russia Buriat,bxr,language,Eurasia,50.85331,105.5637,MN;RU,"Mongolic-Khitan, Mongolic, Eastern Mongolic, Khalkha-Buriat, Buriat","(Alar:1,Barguzin:1,Bohaan:1,Bulagat:1,Ekhirit:1,Ninzne-Udinsk:1,Oka:1,Tunka:1,Unga:1)russ1264:1;",Mongolic,shifting,
mong1330,Mongolia Buriat,bxm,language,Eurasia,48.7686,109.005,CN;MN;RU,"Mongolic-Khitan, Mongolic, Eastern Mongolic, Khalkha-Buriat, Buriat","(Aga:1,Khori:1)mong1330:1;",Mongolic,threatened,remove
kalm1243,Oirad-Kalmyk-Darkhat,xal,language,Eurasia,46.566667,45.316667,CN;KZ;MN;RU,"Mongolic-Khitan, Mongolic, Eastern Mongolic, Khalkha-Buriat, Mongolian","(Alasha_Oirad:1,(Altai_Torguud:1,Altai_Uriankhai:1,Bayid:1,Dambi-Ööld:1,Khoshuud:1,Khoton:1,Khowd_Dörwöd:1,Mingad:1,Zakhchin:1)oira1262:1,Darkhat:1,Deed_Mongol:1,Jungarian_Oirat:1,(Buzawa:1,Dörböt:1,(Orenburgian_Torguud:1,Uralian_Torguud:1)torg1245:1)kalm1244:1,Sart_Qalmaq:1)kalm1243:1;",Mongolic,threatened,
kuba1248,Kubachi,ugh,language,Eurasia,42.08504,47.601843,RU,"Nakh-Daghestanian, Daghestanian, Dargwic",(Kubachi:1);,Nakh-Daghestanian,not endangered,
kajt1238,Kajtak,xdq,language,Eurasia,42.052428,47.776611,RU,"Nakh-Daghestanian, Daghestanian, Dargwic, South Dargwa",(Kajtak:1);,Nakh-Daghestanian,not endangered,
chir1284,Chirag,,language,Eurasia,41.869481,47.41111,RU,"Nakh-Daghestanian, Daghestanian, Dargwic",(Chirag:1);,Nakh-Daghestanian,shifting,
arch1244,Archi,aqc,language,Eurasia,42.3239,46.8267,RU,"Nakh-Daghestanian, Daghestanian, Lezgic",(Archi:1);,Nakh-Daghestanian,shifting,
cham1309,Chamalal,cji,language,Eurasia,42.5024,45.995,RU,"Nakh-Daghestanian, Daghestanian, Avar-Andic-Tsezic, Andic","((Gadyri:1,Gakvari:1)gakv1239:1,Gigatl:1)cham1309:1;",Nakh-Daghestanian,shifting,
kara1474,Karata-Tukita,kpt,language,Eurasia,42.6501,46.3151,RU,"Nakh-Daghestanian, Daghestanian, Avar-Andic-Tsezic, Andic","((Anchix:1,Arsho:1,Chabakoro:1,Karata_village:1,Mashtada:1,Nizhnjeje_Inkhelo:1,Rachabalda:1,Ratsitl:1,Sjukh:1)kara1516:1,Tokita:1)kara1474:1;",Nakh-Daghestanian,shifting,
akhv1239,Northern Akhvakh,akv,language,Eurasia,42.4003,46.3037,RU,"Nakh-Daghestanian, Daghestanian, Avar-Andic-Tsezic, Andic, Akhvakhic","(Axaxdərə_Akhvakh:1,Tsunta_Akhvakh:1)akhv1239:1;",Nakh-Daghestanian,shifting,
sout3319,Southern Akhvakh,,language,Eurasia,42.42242,46.45051,RU,"Nakh-Daghestanian, Daghestanian, Avar-Andic-Tsezic, Andic, Akhvakhic","(Cegob:1,Ratlub:1,Tljanub:1)sout3319:1;",Nakh-Daghestanian,shifting,
tind1238,Tindi,tin,language,Eurasia,42.3316,45.9227,RU,"Nakh-Daghestanian, Daghestanian, Avar-Andic-Tsezic, Andic, Bagvalal-Tindi","(Angidin:1,Tindin-Èchedin:1)tind1238:1;",Nakh-Daghestanian,shifting,
bagv1239,Bagvalal,kva,language,Eurasia,42.3966,46.1041,RU,"Nakh-Daghestanian, Daghestanian, Avar-Andic-Tsezic, Andic, Bagvalal-Tindi","(Kvanada-Gimerso:1,Tlisi-Tlibisho:1,Tlondada-Xushtada:1)bagv1239:1;",Nakh-Daghestanian,shifting,
botl1242,Botlikh,bph,language,Eurasia,42.665,46.22,RU,"Nakh-Daghestanian, Daghestanian, Avar-Andic-Tsezic, Andic, Botlikh-Godoberi","(Miarso:1,Nuclear_Botlikh:1)botl1242:1;",Nakh-Daghestanian,shifting,
ghod1238,Godoberi,gdo,language,Eurasia,42.7428,46.2252,RU,"Nakh-Daghestanian, Daghestanian, Avar-Andic-Tsezic, Andic, Botlikh-Godoberi","(Zibirkhalin:1,Ziloj:1)ghod1238:1;",Nakh-Daghestanian,shifting,
bezh1248,Bezhta,kap,language,Eurasia,42.1206,46.0332,GE;RU,"Nakh-Daghestanian, Daghestanian, Avar-Andic-Tsezic, Tsezic, East Tsezic","(Khocharkhotin:1,Nuclear_Bezhta:1,Tlyadaly:1)bezh1248:1;",Nakh-Daghestanian,shifting,
hunz1247,Hunzib,huz,language,Eurasia,42.0808,46.1369,GE;RU,"Nakh-Daghestanian, Daghestanian, Avar-Andic-Tsezic, Tsezic, East Tsezic",(Hunzib:1);,Nakh-Daghestanian,shifting,
hinu1240,Hinuq,gin,language,Eurasia,42.4502,45.8064,RU,"Nakh-Daghestanian, Daghestanian, Avar-Andic-Tsezic, Tsezic, West Tsezic",(Hinuq:1);,Nakh-Daghestanian,shifting,
dido1241,Tsez,ddo,language,Eurasia,42.2646,45.8096,GE;RU,"Nakh-Daghestanian, Daghestanian, Avar-Andic-Tsezic, Tsezic, West Tsezic","((Asakh:1,Elbok:1,(Kidero:1,Mokok:1)kide1234:1,Shapikh:1,Shaytl:1)nucl1785:1,Sagadin:1)dido1241:1;",Nakh-Daghestanian,shifting,
khva1239,Khwarshi-Inkhoqwari,khv,language,Eurasia,42.2743,45.9977,RU,"Nakh-Daghestanian, Daghestanian, Avar-Andic-Tsezic, Tsezic, West Tsezic","(Inxokvari:1,Xvarshi:1)khva1239:1;",Nakh-Daghestanian,shifting,
udii1243,Udi,udi,language,Eurasia,40.9,47.7236,AZ;GE;RU,"Nakh-Daghestanian, Daghestanian, Lezgic, Samur, Eastern Samur, Udi-Aghwan","(Nidzh:1,Oghuz_-Udi:1,Oktomberi:1)udii1243:1;",Nakh-Daghestanian,shifting,remove
kosh1245,Qushan Aghul,,language,Eurasia,41.85,47.65,RU,"Nakh-Daghestanian, Daghestanian, Lezgic, Samur, Eastern Samur, Tabasaran-Aghul-Lezgi, Aghul-Lezgi, Aghulic",(Qushan_Aghul:1);,Nakh-Daghestanian,shifting,
aghu1253,Aghul,agx,language,Eurasia,41.9242,47.5843,AZ;RU,"Nakh-Daghestanian, Daghestanian, Lezgic, Samur, Eastern Samur, Tabasaran-Aghul-Lezgi, Aghul-Lezgi, Aghulic","(Central_Agul:1,Cirxe:1,Fite:1,Gequn:1,Huppuq:1,Keren:1)aghu1253:1;",Nakh-Daghestanian,shifting,
lakk1252,Lak,lbe,language,Eurasia,42.1328,47.0809,AZ;GE;KZ;RU;UA,"Nakh-Daghestanian, Daghestanian","(Ashtikulin:1,Kumux:1,Vicxin:1,Vixlin:1)lakk1252:1;",Nakh-Daghestanian,threatened,
avar1256,Avar,ava,language,Eurasia,41.7047,46.558,AZ;GE;RU;TR,"Nakh-Daghestanian, Daghestanian, Avar-Andic-Tsezic","(Ancux:1,Andalal-Gxdatl:1,Bacadin:1,Batlux:1,Hid:1,Karax:1,Kaxib:1,Keleb:1,Salatav:1,Shulanin:1,Untib:1,Xunzax:1,Zakataly:1,Zaqatala:1)avar1256:1;",Nakh-Daghestanian,threatened,
darg1241,North-Central Dargwa,dar,language,Eurasia,42.4257,47.4388,AZ;KZ;RU;UA,"Nakh-Daghestanian, Daghestanian, Dargwic","(Megeb:1,(Cudaxar:1,Gapshin-Butrin:1,Kadarskij:1,(Dejbuk:1,Xarbuk:1)muir1238:1,((Akusha:1,Uraxa:1)aqus1234:1,Mugin:1,Murego-Gubden:1,Upper_Mulebki:1)nucl1774:1)nort3280:1)darg1241:1;",Nakh-Daghestanian,threatened,
ingu1240,Ingush,inh,language,Eurasia,43.11,45.03,GE;RU,"Nakh-Daghestanian, Nakh, Chechen-Ingush",(Ingush:1);,Nakh-Daghestanian,threatened,
chec1245,Chechen,che,language,Eurasia,43.5,45.5,GE;KZ;RU,"Nakh-Daghestanian, Nakh, Chechen-Ingush","(Itumkala:1,Melkhin:1,Ploskost:1)chec1245:1;",Nakh-Daghestanian,threatened,
andi1255,Andi,ani,language,Eurasia,42.8078,46.2919,RU,"Nakh-Daghestanian, Daghestanian, Avar-Andic-Tsezic, Andic","((Kvanxidatl:1,Munib:1)lowe1465:1,(Andi_of_Andi:1,Ashali:1,Chanxo:1,Gagatl:1,Gunxo:1,Rikvani:1,Zilo:1)uppe1485:1)andi1255:1;",Nakh-Daghestanian,threatened,
tsak1249,Tsakhur,tkr,language,Eurasia,41.5916,46.8858,AZ;RU,"Nakh-Daghestanian, Daghestanian, Lezgic, Samur, Western Samur","(Kirmico-Lek:1,Mikik:1,Misles:1)tsak1249:1;",Nakh-Daghestanian,threatened,
rutu1240,Rutul,rut,language,Eurasia,41.6187,47.3244,AZ;RU,"Nakh-Daghestanian, Daghestanian, Lezgic, Samur, Western Samur","(Borch:1,Ixreko-Muxrek:1,Shina_-Nakh-Daghestan:1)rutu1240:1;",Nakh-Daghestanian,threatened,
taba1259,Tabasaran,tab,language,Eurasia,42.0198,47.8379,AZ;KZ;RU,"Nakh-Daghestanian, Daghestanian, Lezgic, Samur, Eastern Samur, Tabasaran-Aghul-Lezgi","(North_Tabasaran:1,South_Tabasaran:1)taba1259:1;",Nakh-Daghestanian,threatened,
lezg1247,Lezgian,lez,language,Eurasia,41.5157,47.8951,AZ;GE;KZ;RU;UA,"Nakh-Daghestanian, Daghestanian, Lezgic, Samur, Eastern Samur, Tabasaran-Aghul-Lezgi, Aghul-Lezgi","(Akhty:1,Anykh:1,Garkin:1,Gjunej:1,Kiuri:1,Kubachi_-Lezgian:1,Quba_-Lezgian:1,Stal:1)lezg1247:1;",Nakh-Daghestanian,threatened,
sout3261,Southwestern Dargwa,,language,Eurasia,41.977226,47.565486,RU,"Nakh-Daghestanian, Daghestanian, Dargwic, South Dargwa","(Amuzgu-Shiri:1,(Icari:1,Sanzhi:1)sanz1247:1,Sirhwa-Tanty:1,(Amux:1,Khuduts:1,Qunqi:1)uppe1463:1)sout3261:1;",Nakh-Daghestanian,,
sakh1247,Nighvng,,language,Eurasia,51.7814,143.1628,RU,Nivkh,"(Central_Sakhalin_Nivkh:1,East_Sakhalin_Nivkh:1,South_Sakhalin_Nivkh:1)sakh1247:1;",Nivkh,moribund,
gily1242,Amur Nivkh,niv,language,Eurasia,52.59,140.681,RU,Nivkh,"(Amur-West_Sakhalin_Nivkh:1,North_Sakhalin_Nivkh:1)gily1242:1;",Nivkh,moribund,
mand1415,Mandarin Chinese,cmn,language,Eurasia,40.0209,116.228,CN;KP;LA;MM;MN;RU;TW;VN,"Sino-Tibetan, Sinitic, Classical-Middle-Modern Sinitic, Middle-Modern Sinitic, Northern Chinese, Mandarinic","((Beijing_Mandarin:1,Taibei_Mandarin:1)beij1235:1,(Xi'an_Mandarin:1,Xining_Mandarin:1,Zhengzhou_Mandarin:1)huab1238:1,(Hefei_Mandarin:1,Nanjing_Mandarin:1)jing1262:1,(Jinan_Mandarin:1,Tianjin_Mandarin:1)jilu1239:1,(Lanzhou_Mandarin:1,Wulumuqi_Mandarin:1,Yinchuan_Mandarin:1)xibe1241:1,Ningxia_Mandarin:1,(Ha'erbin_Mandarin:1,Shenyang_Mandarin:1)nort3283:1,Qingdao_Mandarin:1,Rongcheng_Mandarin:1,(Chengdu_Mandarin:1,Guiyang_Mandarin:1,Kunming_Chinese:1,Wuhan_Mandarin:1)xina1239:1,Yangzhou_Mandarin:1,Yingshan_Mandarin:1,Yuci_Mandarin:1)mand1415:1;",Sino-Tibetan,not endangered,remove
arma1243,Arman,,language,Eurasia,59.67099,150.13239,RU,"Tungusic, Northeastern Tungusic, Northern Tungusic, Ewenic",(Arman:1);,Tungusic,extinct,remove
nana1257,Nanai,gld,language,Eurasia,48.43426,134.79726,CN;RU,"Tungusic, Central-Western Tungusic","(Lower_Ussuri:1,((Bolon_Nanai:1,Dzhuen:1,Torgon:1)cent2414:1,(Bicin:1,Samar:1)gari1257:1)akan1248:1,Sakachi-Alyan:1)nana1257:1;",Tungusic,moribund,
oroq1238,Oroqen,orh,language,Eurasia,50.6319,125.017,CN;RU,"Tungusic, Northeastern Tungusic, Northern Tungusic","(Central_Oroqen:1,Northeastern_Oroqen:1,(Birar:1,Shengli:1)heil1245:1,Western_Oroqen:1)oroq1238:1;",Tungusic,moribund,
kile1243,Kilen,,language,Eurasia,47.585,132.48,CN;RU,"Tungusic, Northeastern Tungusic, Central-Eastern Tungusic","(Kili_of_Amur:1,Sungari:1,Upper_Ussuri:1)kile1243:1;",Tungusic,moribund,remove
even1260,Even,eve,language,Eurasia,70.6687,130.914,RU,"Tungusic, Northeastern Tungusic, Northern Tungusic, Ewenic","((Berjozovka:1,Kamchatka:1,Kolyma-Omolon:1,Okhotsk:1,Ola:1,Sakkyryr:1,Upper_Kolyma:1)east2811:1,(Allaikha:1,Moma_Even:1,Tompon:1)midd1358:1,(Indigirka:1,Lamunkhin:1,Tjugasjir:1)west2887:1)even1260:1;",Tungusic,moribund,
negi1245,Negidal,neg,language,Eurasia,52.96584,139.20575,RU,"Tungusic, Northeastern Tungusic, Northern Tungusic, Negidalic","(Nizovsk:1,Samagir:1,Verkhovsk:1)negi1245:1;",Tungusic,moribund,
oroc1248,Oroch,oac,language,Eurasia,50.32354,137.85131,RU,"Tungusic, Northeastern Tungusic, Central-Eastern Tungusic, Oroch-Udihe","(Kjakela:1,Namunka:1,Orichen:1,Tez:1)oroc1248:1;",Tungusic,moribund,
manc1252,Manchu,mnc,language,Eurasia,47.31225,126.55713,CN;RU,"Tungusic, Manchu-Jurchen, Manchu-Xibe","(Alechuxa:1,Bala_-China:1,Jing:1,Lalin:1)manc1252:1;",Tungusic,nearly extinct,remove
orok1265,Orok,oaa,language,Eurasia,49.36393,143.12819,JP;RU,"Tungusic, Central-Western Tungusic, Ulchaic","(Poronaisk:1,Val-Nogliki:1)orok1265:1;",Tungusic,nearly extinct,
ulch1241,Ulch,ulc,language,Eurasia,51.85209,140.29045,RU,"Tungusic, Central-Western Tungusic, Ulchaic",(Ulch:1);,Tungusic,nearly extinct,
udih1248,Udihe,ude,language,Eurasia,46.63086,135.67762,RU,"Tungusic, Northeastern Tungusic, Central-Eastern Tungusic, Oroch-Udihe","(Anjuski:1,Bikin:1,Iman:1,Khor:1,Khungari:1,Samargin:1,Sikhota_Alin:1)udih1248:1;",Tungusic,nearly extinct,
even1259,Evenki,evn,language,Eurasia,61.972,94.689,CN;MN;RU,"Tungusic, Northeastern Tungusic, Northern Tungusic","((Aoluguya:1,Borzya_Khamnigan_Evenki:1,(Amur_basin_Solon:1,Hulun_Buir_Solon:1,Morigele:1,Nonni_basin_Solon:1,Ongkor_Solon:1)solo1263:1,Urulyungui_Khamnigan_Evenki:1)manc1253:1,((Bareya-Amgun':1,Barguzin_Evenki:1,Chul'man-Gilyui:1,Sakhalin_Evenki:1,Uchur-Zeya:1,Vitim-Olyokma:1)east2846:1,(Ilimpeya:1,Yerbogachon:1)nort3334:1,(Hissing_Evenki:1,Hushing_Evenki:1)sout3321:1)sibe1251:1)even1259:1;",Tungusic,shifting,
kuro1242,Kur-Urmi,,language,Eurasia,48.806,134.121,CN;RU,"Tungusic, Northeastern Tungusic, Northern Tungusic, Negidalic",(Kur-Urmi:1);,Tungusic,shifting,
bolg1250,Bolgarian,xbo,language,Eurasia,48.671481,42.729234,RU,"Turkic, Bolgar",(Bolgarian:1);,Turkic,extinct,remove
pech1242,Pecheneg,xpc,language,Eurasia,47.393251,33.522692,RU,"Turkic, Common Turkic, Kipchak-Turkestan, Kipchak, Unclassified Kipchak",(Pecheneg:1);,Turkic,extinct,remove
nort2697,North Azerbaijani,azj,language,Eurasia,40.97768,46.4737,AM;AZ;GE;IR;RU;TR,"Turkic, Common Turkic, Oghuz, Nuclear Oghuz, Central Oghuz","((Baku:1,Derbend_Azerbaijani:1,Lenkaran:1,Quba_-Turkic:1,Salyan:1,Shamakhi:1)east2839:1,(Nukha:1,Qabala:1,Zaqatala_-Turkic:1)nort3322:1,Qyzylbash:1,(Karapapak:1,Nakhchivan:1,Ordubad:1,Terekeme:1,Yerevan:1)sout3306:1,(Airym:1,Borcala:1,(Ganja:1,Shusha:1)cent2356:1,Qazakh:1)west2924:1)nort2697:1;",Turkic,not endangered,remove
kaza1248,Kazakh,kaz,language,Eurasia,51.17,71.454,AF;CN;IR;KG;KZ;MN;RU;TJ;TM;UZ,"Turkic, Common Turkic, Kipchak-Turkestan, Kipchak, Southeast Kipchak, South Kipchak","(Northeastern_Kazakh:1,Southern_Kazakh:1,Western_Kazakh:1)kaza1248:1;",Turkic,not endangered,remove
crim1257,Crimean Tatar,crh,language,Eurasia,45,34.08,BG;KG;LT;MD;RO;RU;TR;UA;UZ,"Turkic, Common Turkic, Kipchak-Turkestan, Kipchak, Northwest Kipchak, West Kipchak, Crimean Tatar-Urum, Crimeaic","(Central_Crimean:1,Cuman:1,Şöl_Dobruja_Tatar:1)crim1257:1;",Turkic,threatened,remove
chul1246,Lower Chulym Turkic,clw,language,Eurasia,56.87439,86.5892,RU,"Turkic, Common Turkic, South Siberian Turkic, Northern Altai-Lower Chulym","(Chibi:1,Ketsik:1,Küärik:1,Yatsi:1,Yezhi:1)chul1246:1;",Turkic,moribund,
shor1247,Mrassu Shor-Tutal,cjs,language,Eurasia,53.70953,87.84468,RU,"Turkic, Common Turkic, South Siberian Turkic, Sayan-Yenisei Turkic, Yenisey Turkic","(Mrassa:1,Tutal_Middle_Chulym:1)shor1247:1;",Turkic,moribund,
kara1462,Taiga Sayan Turkic,kim,language,Eurasia,53.7145,98.3792,RU,"Turkic, Common Turkic, South Siberian Turkic, Sayan-Yenisei Turkic, Sayan","(Dukha:1,Soyot:1,Todja:1,Tofa:1,Tuha:1)kara1462:1;",Turkic,nearly extinct,
tuvi1240,Tuvinian,tyv,language,Eurasia,51.7,94.36667,CN;MN;RU,"Turkic, Common Turkic, South Siberian Turkic, Sayan-Yenisei Turkic, Sayan","(Central_Tuvin:1,Northeastern_Tuvin:1,Southern_Tuvin:1,Western_Tuvin:1)tuvi1240:1;",Turkic,not endangered,
sibe1250,Siberian Tatar,sty,language,Eurasia,57.4921,72.5642,RU,"Turkic, Common Turkic, Kipchak-Turkestan, Kipchak, Northwest Kipchak, North Kipchak","(Baraba_Tatar:1,(Tara_-Turkic:1,Tevriz:1,Tobol:1,Tyumen:1,Zabolotny:1)tobo1249:1,Tomsk_Tatar:1)sibe1250:1;",Turkic,not endangered,
tata1255,Tatar,tat,language,Eurasia,55.79592,49.11577,AZ;BY;CN;EE;FI;GE;KZ;LT;LV;RU;UA,"Turkic, Common Turkic, Kipchak-Turkestan, Kipchak, Northwest Kipchak, North Kipchak, Bashkiric","((Astrakhan_Tatar:1,Kasimov:1,Kazan_Tatar:1)midd1325:1,Tepter_Tatar:1,Ural_Tatar:1,West_Tatar:1)tata1255:1;",Turkic,not endangered,
dolg1241,Dolgan,dlg,language,Eurasia,71.10828,94.29358,RU,"Turkic, Common Turkic, Sakha-Dolgan",(Dolgan:1);,Turkic,shifting,
nort2686,Northern Altai,atv,language,Eurasia,50.8998,88.0672,RU,"Turkic, Common Turkic, South Siberian Turkic, Northern Altai-Lower Chulym","(Chelkan:1,Kondoma_Shor:1,Kumandin:1,Tuba-Kizi:1)nort2686:1;",Turkic,shifting,
khak1248,Khakas,kjh,language,Eurasia,50.73933,107.16939,CN;RU,"Turkic, Common Turkic, South Siberian Turkic, Sayan-Yenisei Turkic, Yenisey Turkic","(Fuyu_Kirghiz:1,Kamassian_-Turkic:1,(Kyzyl:1,Melet_Middle_Chulym:1)kyzy1246:1,((Kacha:1,Old_Iyus:1)kach1287:1,(Beltir:1,Sagai:1)saga1268:1)saga1267:1,Tashtyr:1,Xakass_Shor:1)khak1248:1;",Turkic,shifting,
sout2694,Southern Altai,alt,language,Eurasia,50.1347,86.8705,CN;KZ;MN;RU,"Turkic, Common Turkic, Kipchak-Turkestan, Kipchak, Southeast Kipchak, East Kipchak","(Altai-Kizi:1,Telengit_-Kosh-Agach_and_Ulagan:1,(Kalmak_Tatar:1,Teleut:1)tele1258:1)sout2694:1;",Turkic,shifting,
noga1249,Nogai,nog,language,Eurasia,44.89776,43.1656,KZ;RU,"Turkic, Common Turkic, Kipchak-Turkestan, Kipchak, Southeast Kipchak, South Kipchak","(Alabugat_Tatar:1,Black_Nogai:1,Central_Nogai:1,Karagash:1,Steppe_Crimean_Tatar:1,White_Nogai:1,Yurt_Tatar:1)noga1249:1;",Turkic,shifting,
urum1249,Kipchak Urum,uum,language,Eurasia,42.0379,43.994,GE;GR;RU;UA,"Turkic, Common Turkic, Kipchak-Turkestan, Kipchak, Northwest Kipchak, West Kipchak, Crimean Tatar-Urum",(Kipchak_Urum:1);,Turkic,shifting,remove
chuv1255,Chuvash,chv,language,Eurasia,55.48701,47.16298,EE;KZ;RU,"Turkic, Bolgar","(Anatri:1,Viryal:1)chuv1255:1;",Turkic,threatened,
yaku1245,Sakha,sah,language,Eurasia,61.69744,133.98031,RU,"Turkic, Common Turkic, Sakha-Dolgan",(Sakha:1);,Turkic,threatened,
kara1465,Karachay-Balkar,krc,language,Eurasia,43.565,42.2606,AZ;GE;KZ;RU,"Turkic, Common Turkic, Kipchak-Turkestan, Kipchak, Northwest Kipchak, West Kipchak, Kaukasus Kipchak","(Balkar:1,Karachay:1)kara1465:1;",Turkic,threatened,
kumy1244,Kumyk,kum,language,Eurasia,43,47,KZ;RU,"Turkic, Common Turkic, Kipchak-Turkestan, Kipchak, Northwest Kipchak, West Kipchak, Kaukasus Kipchak","(Buynak:1,Khaikent:1,Khasavyurt:1)kumy1244:1;",Turkic,threatened,
bash1264,Bashkir,bak,language,Eurasia,53.59671,56.55937,KZ;RU;UA,"Turkic, Common Turkic, Kipchak-Turkestan, Kipchak, Northwest Kipchak, North Kipchak, Bashkiric","(Burzhan:1,Kuvakan:1,Yurmaty:1)bash1264:1;",Turkic,threatened,
sout3226,Southern Khanty,,language,Eurasia,59.500948,69.085972,RU,"Uralic, Khantyic",(Irtysh_Khanty:1)sout3226;,Uralic,extinct,remove
sout3253,Southern Mansi,,language,Eurasia,58.4362,65.5664,RU,"Uralic, Mansic",(Southern_Mansi:1);,Uralic,extinct,remove
mato1250,Mator-Taigi-Karagas,mtm,language,Eurasia,53.4349,102.856,RU,"Uralic, Samoyedic","(Karagas_-Mator:1,Nuclear_Mator:1,Taigi:1)mato1250:1;",Uralic,extinct,remove
kama1351,Kamas-Koibal,xas,language,Eurasia,55.07,94.83,RU,"Uralic, Samoyedic, Kamas-Selkup","(Kamas_-Uralic:1,Samoyed_Koibal:1)kama1351:1;",Uralic,extinct,remove
akka1237,Akkala Saami,sia,language,Eurasia,67.8625,32.4046,RU,"Uralic, Saami, Eastern Saami, Mainland Eastern Saami",(Akkala_Saami:1);,Uralic,extinct,remove
esto1258,Estonian,ekk,language,Eurasia,58.55,25.82,EE;LV;RU,"Uralic, Finnic, Coastal Finnic, Neva, Central Finnic","((Ida_Estonian:1,Kesk_Estonian:1,Lääne:1,Saarte:1)midd1322:1,North_Estonian:1)esto1258:1;",Uralic,not endangered,remove
finn1318,Finnish,fin,language,Eurasia,64.7628,25.5577,EE;FI;NO;RU;SE,"Uralic, Finnic, Coastal Finnic, Neva, North Finnic, Nuclear Finnish","(Central_and_North_Pohjanmaa:1,Häme:1,Peräpohja:1,Savo:1,South_Pohjanmaa:1,Southeastern_Finnish:1,Southwestern_Finnish:1)finn1318:1;",Uralic,not endangered,remove
ngan1291,Nganasan,nio,language,Eurasia,73.1354,86.2106,RU,"Uralic, Samoyedic","((Pyasina_Avam:1,Taimyr_Avam:1)avam1236:1,Vadeyev:1)ngan1291:1;",Uralic,moribund,
cent2322,Central Mansi,,language,Eurasia,61.1432,62.4023,RU,"Uralic, Mansic, North-Central Mansi","((Jukonda:1,Lower_Konda:1,Middle_Konda:1,Upper_Konda:1)east2879:1,(Lower_Lozva:1,Middle_Lozva:1,North_Vagil:1,Pelym:1,South_Vagil:1)west2976:1)cent2322:1;",Uralic,moribund,
kild1236,Kildin Saami,sjd,language,Eurasia,68.2158,35.8348,RU,"Uralic, Saami, Eastern Saami, Peninsular Eastern Saami","(Arsjogg:1,Kiillt:1,Kårdegg:1,Lujaa'vvr:1)kild1236:1;",Uralic,moribund,
ters1235,Ter Saami,sjt,language,Eurasia,67.2458,38.5061,RU,"Uralic, Saami, Eastern Saami, Peninsular Eastern Saami",(Ter_Saami:1);,Uralic,moribund,
fore1265,Forest Enets,enf,language,Eurasia,68.6,86.5,RU,"Uralic, Samoyedic, Enets-Nenets, Enets",(Forest_Enets:1);,Uralic,moribund,
ingr1248,Ingrian,izh,language,Eurasia,59.47403,29.71145,EE;RU,"Uralic, Finnic, Coastal Finnic, Neva, North Finnic, Ladogan","(Hevaha:1,Kukkuzi:1,(Lower_Luga_Ingrian:1,Siberian_Ingrian_Finnish:1)lowe1392:1,Oredezhi:1,Soikkola:1)ingr1248:1;",Uralic,moribund,
kven1236,Kven Finnish,fkv,language,Eurasia,69.3772,29.5434,FI;NO;RU,"Uralic, Finnic, Coastal Finnic, Neva, North Finnic, Nuclear Finnish",(Kven_Finnish:1);,Uralic,moribund,
veps1250,Veps,vep,language,Eurasia,60.3353,34.7865,RU,"Uralic, Finnic, Coastal Finnic, Neva, North Finnic, Ladogan, East Ladoga","(Central_Veps:1,Prionezh:1,Southern_Veps:1)veps1250:1;",Uralic,moribund,
fare1244,Vach-Vasjugan,,language,Eurasia,60.10378,79.873651,RU,"Uralic, Khantyic, East Khanty","(Vach_Khanty:1,Vasjugan_Khanty:1)fare1244:1;",Uralic,nearly extinct,
surg1248,Surgut Khanty,,language,Eurasia,61.25,73.35,RU,"Uralic, Khantyic, East Khanty","(Agan:1,Jugan:1,Likisovskoje:1,Pim:1,Salym_Khanty:1,Tromagan:1)surg1248:1;",Uralic,nearly extinct,
skol1241,Skolt Saami,sms,language,Eurasia,68.8326,29.7204,FI;NO;RU,"Uralic, Saami, Eastern Saami, Mainland Eastern Saami","(Notozer:1,Yokan:1)skol1241:1;",Uralic,nearly extinct,
tund1254,Tundra Enets,enh,language,Eurasia,70.36,84.08,RU,"Uralic, Samoyedic, Enets-Nenets, Enets",(Tundra_Enets:1);,Uralic,nearly extinct,
voti1245,Votic,vot,language,Eurasia,59.3802,28.6235,RU,"Uralic, Finnic, Coastal Finnic, Neva, Central Finnic","(East_Vod:1,Krevin:1,(Kattila:1,Lower_Luga_Votic:1,Northeastern_Coastal_Estonian:1)west2391:1)voti1245:1;",Uralic,nearly extinct,
ludi1246,Ludian,lud,language,Eurasia,61.853,33.7346,RU,"Uralic, Finnic, Coastal Finnic, Neva, North Finnic, Ladogan, East Ladoga","(Central_Ludic:1,Northern_Ludic:1,Southern_Ludic:1)ludi1246:1;",Uralic,nearly extinct,
moks1248,Moksha,mdf,language,Eurasia,54.1855,42.6728,RU,"Uralic, Mordvin",(Moksha:1);,Uralic,not endangered,
udmu1245,Udmurt,udm,language,Eurasia,56.12921,52.63548,KZ;RU,"Uralic, Permian","(Besermyan:1,Central_Udmurt:1,North_Udmurt:1,(Peripheral_South_Udmurt:1)sout2681:1)udmu1245:1;",Uralic,shifting,
erzy1239,Erzya,myv,language,Eurasia,52.8548,45.3901,AZ;BY;EE;KZ;LT;LV;RU;UA,"Uralic, Mordvin",(Erzya:1);,Uralic,shifting,
komi1277,Komi-Yazva,,language,Eurasia,60.717,55.756,RU,"Uralic, Permian, Komi",(Komi-Yazva:1);,Uralic,shifting,
obdo1234,Obdorsk Khanty,,language,Eurasia,66.31,67.09,RU,"Uralic, Khantyic, Northern Khanty",(Obdorsk_Khanty:1);,Uralic,shifting,
khan1273,Kazym-Berezover-Suryskarer Khanty,kca,language,Eurasia,62.4308,66.1218,RU,"Uralic, Khantyic, Northern Khanty","(Berezover_Khanty:1,Kazym_Khanty:1,Middle_Ob_Khanty:1,Suryskarer_Khanty:1)khan1273:1;",Uralic,shifting,
mans1258,Northern Mansi,mns,language,Eurasia,64.4118,61.344,RU,"Uralic, Mansic, North-Central Mansi","(Ob_Mansi:1,Sosva_Mansi:1,Sygva_Mansi:1,Upper_Loz'va_Mansi:1)mans1258:1;",Uralic,shifting,
selk1253,Selkup,sel,language,Eurasia,59.9409,82.3004,RU,"Uralic, Samoyedic, Kamas-Selkup","((((Narym:1,Tym:1,Vasyugan_Selkup:1)cent2328:1,Srednyaya_Ob-Ket:1)kety1235:1,Southern_Selkup:1)kety1234:1,Taz-Turukhan:1)selk1253:1;",Uralic,shifting,
nort2671,North Saami,sme,language,Eurasia,68.725,22.1113,FI;NO;RU;SE,"Uralic, Saami, Western Saami, Central Western Saami","((Eastern_Finnmarku_Saami:1,Western_Finnmarku_Saami:1)finn1320:1,Sea_Lappish:1,(Gárasavvon:1,Čohkkiras:1)torn1243:1)nort2671:1;",Uralic,shifting,remove
nene1249,Tundra Nenets,yrk,language,Eurasia,66.1775,71.0234,RU,"Uralic, Samoyedic, Enets-Nenets, Nenets","(Central_Tundra_Nenets:1,Eastern_Tundra_Nenets:1,Western_Tundra_Nenets:1,Yurats:1)nene1249:1;",Uralic,shifting,
fore1274,Forest Nenets,,language,Eurasia,63.72,71.97,RU,"Uralic, Samoyedic, Enets-Nenets, Nenets","(Agan_Nenets:1,Lyamin_Nenets:1,Nadym_Nenets:1,Pur_Nenets:1)fore1274:1;",Uralic,shifting,
kare1335,Karelian,krl,language,Eurasia,65.1691,30.8655,FI;RU,"Uralic, Finnic, Coastal Finnic, Neva, North Finnic, Ladogan","(Northern_Karelian:1,Novgorod:1,(Tver:1,Valdai:1)sout2676:1)kare1335:1;",Uralic,shifting,
livv1243,Livvi,olo,language,Eurasia,61.6565,29.0726,FI;RU,"Uralic, Finnic, Coastal Finnic, Neva, North Finnic, Ladogan, East Ladoga",(Livvi:1);,Uralic,shifting,
east2328,Eastern Mari,mhr,language,Eurasia,55.8307,48.405,KZ;RU,"Uralic, Mari",(Grassland_Mari:1)east2328;,Uralic,threatened,
west2392,Western Mari,mrj,language,Eurasia,56.22,46.569,RU,"Uralic, Mari","(Kozymodemyan:1,Yaran:1)west2392:1;",Uralic,threatened,
komi1268,Komi-Zyrian,kpv,language,Eurasia,64.0527,54.946,RU,"Uralic, Permian, Komi","((Lower_Vychegda:1,Middle_Sysola:1,Middle_Vychegda:1,Upper_Vychegda:1)cent2400:1,(Izhma:1,Pechora:1,Vym':1)nort3401:1,(Luza-Letka:1,Upper_Sysola:1)sout3379:1,West_Zyryan:1)komi1268:1;",Uralic,threatened,
komi1269,Komi-Permyak,koi,language,Eurasia,59.6602,54.7959,RU,"Uralic, Permian, Komi","(North_Permyak:1,South_Permyak:1,Zyuzdin:1)komi1269:1;",Uralic,threatened,
kott1239,Kott-Assan,zko,language,Eurasia,55,94,RU,"Yeniseian, Southern Yeniseian",(Kott-Assan:1);,Yeniseian,extinct,remove
yugh1239,Yugh,yug,language,Eurasia,60.8778,89.7479,RU,"Yeniseian, Northern Yeniseian",(Yugh:1);,Yeniseian,extinct,remove
arin1243,Arin,xrn,language,Eurasia,57,93,RU,"Yeniseian, Southern Yeniseian, Arin-Pumpokol",(Arin:1);,Yeniseian,extinct,remove
pump1237,Pumpokol,xpm,language,Eurasia,58.5,92,RU,"Yeniseian, Southern Yeniseian, Arin-Pumpokol",(Pumpokol:1);,Yeniseian,extinct,remove
kett1243,Ket,ket,language,Eurasia,63.7551,87.5466,RU,"Yeniseian, Northern Yeniseian","(Central_Ket:1,Northern_Ket:1,Southern_Ket:1)kett1243:1;",Yeniseian,shifting,
yuka1240,Malyj Anjuj Omok,omk,language,Eurasia,68.051787,162.958525,RU,Yukaghir,(Malyj_Anjuj_Omok:1);,Yukaghir,extinct,remove
chuv1256,Chuvantsy,xcv,language,Eurasia,65.17,167.96,RU,"Yukaghir, Kolymic",(Chuvantsy:1);,Yukaghir,extinct,remove
nort2745,Northern Yukaghir,ykg,language,Eurasia,70.498,157.853,RU,Yukaghir,(Northern_Yukaghir:1);,Yukaghir,nearly extinct,
sout2750,Southern Yukaghir,yux,language,Eurasia,64.218,154.375,RU,"Yukaghir, Kolymic",(Southern_Yukaghir:1);,Yukaghir,nearly extinct,
